date,district,rain_mm,tmax_c,tmin_c,tavg_c,heat_stress_score,pred_prob_critical_t1,pred_critical_t1,risk_score_next_day,alert_level_next_day,rank_within_date,pipeline_mode,aqi_status,confidence_tag,recommended_action,pred_prob_heatwave_t1,pred_heatwave_t1
2026-04-29,Pali,0.0,41.0,28.8,34.9,46.69223674444444,0.8636523832616786,1,60.57778729804764,RED,1,Heatwave-v3,excluded,High,Emergency heat-health action,0.8636523832616786,1.0
2026-04-29,Kota,0.0,41.3,29.7,35.5,43.43366571111109,0.9141273821401986,1,60.22634108712916,RED,2,Heatwave-v3,excluded,High,Emergency heat-health action,0.9141273821401986,1.0
2026-04-29,Barmer,0.0,41.5,27.2,34.35,37.907600666666674,0.8835098245135494,1,55.562784291307565,RED,3,Heatwave-v3,excluded,High,Emergency heat-health action,0.8835098245135494,1.0
2026-04-29,Jodhpur,0.0,40.7,29.0,34.85,36.122975200000006,0.8427861930264048,1,52.97745063592417,RED,4,Heatwave-v3,excluded,Medium,Emergency heat-health action,0.8427861930264048,1.0
2026-04-29,Bundi,0.0,40.5,28.6,34.55,36.138374066666685,0.8213676198037543,1,52.23780983646474,RED,5,Heatwave-v3,excluded,Medium,Emergency heat-health action,0.8213676198037543,1.0
2026-04-29,Bikaner,0.0,40.3,28.1,34.2,34.921274566666625,0.7292771651870386,1,48.22352924987966,ORANGE,6,Heatwave-v3,excluded,Medium,Heat-health preparedness activation,0.7292771651870386,1.0
2026-04-29,Sawai Madhopur,0.0,40.5,27.3,33.9,31.34941542222226,0.7506796844620119,1,46.650908980614886,RED,7,Heatwave-v3,excluded,Medium,Emergency heat-health action,0.7506796844620119,1.0
2026-04-29,Jhalawar,0.0,40.2,29.0,34.6,34.67373346666669,0.6842033300502297,1,46.48504330509138,ORANGE,8,Heatwave-v3,excluded,Medium,Heat-health preparedness activation,0.6842033300502297,1.0
2026-04-29,Nagaur,0.0,40.9,26.0,33.45,32.292338766666674,0.5308304739393738,1,39.56908678621142,YELLOW,9,Heatwave-v3,excluded,Low,Targeted surveillance + advisories,0.5308304739393738,1.0
2026-04-29,Dhaulpur,0.0,40.6,25.9,33.25,29.99997854444448,0.493973062401697,1,36.78904323794831,YELLOW,10,Heatwave-v3,excluded,Low,Targeted surveillance + advisories,0.493973062401697,1.0
2026-04-29,Jaipur,0.0,39.5,29.1,34.3,35.621049188888925,0.3638465967875244,1,35.88831286034116,GREEN,11,Heatwave-v3,excluded,Low,Routine monitoring,0.3638465967875244,1.0
2026-04-29,Jaisalmer,0.0,40.4,26.4,33.4,26.98749303333329,0.4766503987259669,1,34.22463442707548,YELLOW,12,Heatwave-v3,excluded,Low,Targeted surveillance + advisories,0.4766503987259669,1.0
2026-04-29,Bhilwara,0.0,39.9,26.5,33.2,27.27378639999999,0.3878719137963305,1,31.30347814287156,GREEN,13,Heatwave-v3,excluded,Low,Routine monitoring,0.3878719137963305,1.0
2026-04-29,Sirohi,0.0,39.5,26.9,33.2,25.304038522222218,0.3641630731618632,1,29.193332600109656,GREEN,14,Heatwave-v3,excluded,Low,Routine monitoring,0.3641630731618632,1.0
2026-04-29,Sikar,0.0,39.0,26.3,32.65,30.09337587222225,0.1872044435837088,0,26.11284984237427,GREEN,15,Heatwave-v3,excluded,Low,Routine monitoring,0.1872044435837088,0.0
2026-04-29,Alwar,0.0,38.9,25.4,32.15,29.580088944444405,0.1146316878054493,0,23.23916688707959,GREEN,16,Heatwave-v3,excluded,Low,Routine monitoring,0.1146316878054493,0.0
2026-04-29,Banswara,0.0,39.5,25.6,32.55,24.942465433333325,0.1887970153292677,0,22.82049806819103,GREEN,17,Heatwave-v3,excluded,Low,Routine monitoring,0.1887970153292677,0.0
2026-04-29,Chittaurgarh,0.0,39.2,26.2,32.7,22.98392422222221,0.2076299028219764,1,22.206597343213616,GREEN,18,Heatwave-v3,excluded,Low,Routine monitoring,0.2076299028219764,1.0
2026-04-29,Hanumangarh,0.0,38.5,24.3,31.4,29.938535411111125,0.031142972383534,0,20.550052050645924,GREEN,19,Heatwave-v3,excluded,Low,Routine monitoring,0.031142972383534,0.0
2026-04-29,Ajmer,0.0,38.5,27.8,33.15,24.19381854444445,0.0861341045354235,0,18.740675712628715,GREEN,20,Heatwave-v3,excluded,Low,Routine monitoring,0.0861341045354235,0.0
2026-04-29,Ganganagar,0.0,38.5,24.0,31.25,26.616192122222216,0.0285217221520175,0,18.298785154765056,GREEN,21,Heatwave-v3,excluded,Low,Routine monitoring,0.0285217221520175,0.0
2026-04-29,Churu,0.2,38.9,24.9,31.9,23.30449407777777,0.0575528962728565,0,17.162272520105535,GREEN,22,Heatwave-v3,excluded,Low,Routine monitoring,0.0575528962728565,0.0
2026-04-29,Udaipur,0.0,36.9,24.1,30.5,15.946976977777789,0.0045653653490896,0,10.5253228227737,GREEN,23,Heatwave-v3,excluded,Low,Routine monitoring,0.0045653653490896,0.0
2026-04-30,Pali,0.0,41.2,28.5,34.85,46.992236744444455,0.8524223465003301,1,60.37973601140045,RED,1,Heatwave-v3,excluded,High,Emergency heat-health action,0.8524223465003301,1.0
2026-04-30,Barmer,0.0,42.2,27.5,34.85,43.00760066666669,0.9035103667324064,1,59.57780326896757,RED,2,Heatwave-v3,excluded,High,Emergency heat-health action,0.9035103667324064,1.0
2026-04-30,Bundi,0.0,40.8,28.0,34.4,36.13837406666666,0.8128040554341391,1,51.9380850835282,RED,3,Heatwave-v3,excluded,Medium,Emergency heat-health action,0.8128040554341391,1.0
2026-04-30,Kota,0.0,40.7,28.4,34.55,35.933665711111125,0.7966568885582941,1,51.23987381176253,RED,4,Heatwave-v3,excluded,Medium,Emergency heat-health action,0.7966568885582941,1.0
2026-04-30,Bikaner,0.0,41.5,25.7,33.6,34.92127456666663,0.8077004566114289,1,50.96834444973332,RED,5,Heatwave-v3,excluded,Medium,Emergency heat-health action,0.8077004566114289,1.0
2026-04-30,Jodhpur,0.0,40.7,27.5,34.1,31.62297520000001,0.7728843566686194,1,47.60588636340168,RED,6,Heatwave-v3,excluded,Medium,Emergency heat-health action,0.7728843566686194,1.0
2026-04-30,Jhalawar,0.0,40.3,28.2,34.25,32.87373346666665,0.6967705387684943,1,45.75489561023062,ORANGE,7,Heatwave-v3,excluded,Medium,Heat-health preparedness activation,0.6967705387684943,1.0
2026-04-30,Jaisalmer,0.0,41.0,26.2,33.6,29.9874930333333,0.5893929850750985,1,40.12062494929509,ORANGE,8,Heatwave-v3,excluded,Low,Heat-health preparedness activation,0.5893929850750985,1.0
2026-04-30,Sirohi,0.0,40.0,26.9,33.45,28.304038522222218,0.480085341724424,1,35.20061199979928,YELLOW,9,Heatwave-v3,excluded,Low,Targeted surveillance + advisories,0.480085341724424,1.0
2026-04-30,Nagaur,0.0,40.8,26.1,33.45,31.99233876666667,0.3971360076406633,1,34.69478046575655,GREEN,10,Heatwave-v3,excluded,Low,Routine monitoring,0.3971360076406633,1.0
2026-04-30,Hanumangarh,0.0,39.1,25.2,32.15,36.23853541111113,0.1492572207567785,0,28.779050743709483,GREEN,11,Heatwave-v3,excluded,Low,Routine monitoring,0.1492572207567785,0.0
2026-04-30,Dhaulpur,0.0,39.8,26.5,33.15,26.99997854444446,0.2972649380056286,1,27.954258884085903,GREEN,12,Heatwave-v3,excluded,Low,Routine monitoring,0.2972649380056286,1.0
2026-04-30,Jaipur,0.0,39.2,25.9,32.55,24.221049188888934,0.3254303848474958,1,27.13374544244016,GREEN,13,Heatwave-v3,excluded,Low,Routine monitoring,0.3254303848474958,1.0
2026-04-30,Bhilwara,0.0,40.2,25.7,32.95,26.67378640000001,0.2683219562824584,1,26.729229629886053,GREEN,14,Heatwave-v3,excluded,Low,Routine monitoring,0.2683219562824584,1.0
2026-04-30,Ajmer,0.0,39.0,27.4,33.2,22.993818544444444,0.3167351338060231,1,26.03171173709969,GREEN,15,Heatwave-v3,excluded,Low,Routine monitoring,0.3167351338060231,1.0
2026-04-30,Chittaurgarh,0.3,40.0,25.9,32.95,25.383924222222195,0.2695009533226625,1,25.932084110737613,GREEN,16,Heatwave-v3,excluded,Low,Routine monitoring,0.2695009533226625,1.0
2026-04-30,Sawai Madhopur,0.2,39.5,26.2,32.85,20.549415422222257,0.353586053488453,1,25.73263189654033,GREEN,17,Heatwave-v3,excluded,Low,Routine monitoring,0.353586053488453,1.0
2026-04-30,Ganganagar,0.0,39.2,24.8,32.0,33.21619212222224,0.1074018861323857,0,25.34959089407796,GREEN,18,Heatwave-v3,excluded,Low,Routine monitoring,0.1074018861323857,0.0
2026-04-30,Banswara,0.0,39.2,26.4,32.8,25.542465433333334,0.1758336200262397,0,22.75677923258506,GREEN,19,Heatwave-v3,excluded,Low,Routine monitoring,0.1758336200262397,0.0
2026-04-30,Sikar,0.0,39.2,24.4,31.8,25.59337587222226,0.0710188130286542,0,19.12135277294737,GREEN,20,Heatwave-v3,excluded,Low,Routine monitoring,0.0710188130286542,0.0
2026-04-30,Churu,0.0,39.4,23.4,31.4,21.80449407777777,0.0517267580219421,0,15.983357681323527,GREEN,21,Heatwave-v3,excluded,Low,Routine monitoring,0.0517267580219421,0.0
2026-04-30,Alwar,0.0,37.8,24.0,30.9,20.33946207777778,0.0088330129090505,0,13.529805802372326,GREEN,22,Heatwave-v3,excluded,Low,Routine monitoring,0.0088330129090505,0.0
2026-04-30,Udaipur,0.0,37.1,23.9,30.5,15.346976977777778,0.0050416447406503,0,10.151992601478318,GREEN,23,Heatwave-v3,excluded,Low,Routine monitoring,0.0050416447406503,0.0
2026-05-01,Pali,0.0,41.9,28.8,35.35,32.695057623655885,0.8093805343038086,1,49.58010615600963,RED,1,Heatwave-v3,excluded,Medium,Emergency heat-health action,0.8093805343038086,1.0
2026-05-01,Barmer,0.0,42.7,26.0,34.35,25.9286072043011,0.8195933667751221,1,45.53936251992499,RED,2,Heatwave-v3,excluded,Medium,Emergency heat-health action,0.8195933667751221,1.0
2026-05-01,Kota,0.0,42.2,26.8,34.5,17.25867696774198,0.803539100651553,1,39.34200855183664,RED,3,Heatwave-v3,excluded,Medium,Emergency heat-health action,0.803539100651553,1.0
2026-05-01,Jaisalmer,0.0,41.7,27.0,34.35,17.812443881720483,0.6867592097795164,1,35.61466086540139,ORANGE,4,Heatwave-v3,excluded,Medium,Heat-health preparedness activation,0.6867592097795164,1.0
2026-05-01,Jodhpur,0.0,41.2,28.5,34.85,17.097724924731192,0.6187507255747983,1,32.76979659619322,ORANGE,5,Heatwave-v3,excluded,Low,Heat-health preparedness activation,0.6187507255747983,1.0
2026-05-01,Sirohi,0.0,40.8,26.4,33.599999999999994,15.666334354838687,0.631456596751005,1,32.28409821693032,ORANGE,6,Heatwave-v3,excluded,Low,Heat-health preparedness activation,0.631456596751005,1.0
2026-05-01,Bikaner,0.0,42.2,25.6,33.900000000000006,16.33711843010758,0.6024400525766075,1,31.704528819751182,ORANGE,7,Heatwave-v3,excluded,Low,Heat-health preparedness activation,0.6024400525766075,1.0
2026-05-01,Nagaur,0.0,41.6,26.8,34.2,16.66942590322581,0.5938443792129765,1,31.61968010955096,ORANGE,8,Heatwave-v3,excluded,Low,Heat-health preparedness activation,0.5938443792129765,1.0
2026-05-01,Bundi,0.0,41.8,25.8,33.8,13.853279311827931,0.5407256133057294,1,27.93002801838869,YELLOW,9,Heatwave-v3,excluded,Low,Targeted surveillance + advisories,0.5407256133057294,1.0
2026-05-01,Sawai Madhopur,0.2,41.2,25.5,33.35,7.5,0.5764969330023466,1,25.05239265508213,ORANGE,10,Heatwave-v3,excluded,Low,Heat-health preparedness activation,0.5764969330023466,1.0
2026-05-01,Chittaurgarh,0.0,40.2,25.7,32.95,9.0,0.3292876978745664,1,17.375069425609826,GREEN,11,Heatwave-v3,excluded,Low,Routine monitoring,0.3292876978745664,1.0
2026-05-01,Jhalawar,1.7,41.2,24.4,32.8,9.14127963440859,0.282202433106714,1,15.818916921100575,GREEN,12,Heatwave-v3,excluded,Low,Routine monitoring,0.282202433106714,1.0
2026-05-01,Ajmer,0.0,39.5,25.9,32.7,10.5,0.2149863905166519,1,14.349523668082815,GREEN,13,Heatwave-v3,excluded,Low,Routine monitoring,0.2149863905166519,1.0
2026-05-01,Banswara,0.0,39.0,26.2,32.6,13.239573935483875,0.1122295262995992,0,12.533756478550492,GREEN,14,Heatwave-v3,excluded,Low,Routine monitoring,0.1122295262995992,0.0
2026-05-01,Bhilwara,0.0,40.5,25.2,32.85,10.5,0.1178086079850894,0,10.948301279478132,GREEN,15,Heatwave-v3,excluded,Low,Routine monitoring,0.1178086079850894,0.0
2026-05-01,Jaipur,0.0,40.5,23.0,31.75,10.5,0.0555159414198046,0,8.768057949693162,GREEN,16,Heatwave-v3,excluded,Low,Routine monitoring,0.0555159414198046,0.0
2026-05-01,Sikar,0.0,39.9,22.9,31.4,10.5,0.0356077645799034,0,8.071271760296622,GREEN,17,Heatwave-v3,excluded,Low,Routine monitoring,0.0356077645799034,0.0
2026-05-01,Hanumangarh,0.0,38.7,23.8,31.25,10.5,0.0253600332839514,0,7.712601164938301,GREEN,18,Heatwave-v3,excluded,Low,Routine monitoring,0.0253600332839514,0.0
2026-05-01,Ganganagar,0.0,39.0,24.1,31.55,10.5,0.0237813203986421,0,7.657346213952475,GREEN,19,Heatwave-v3,excluded,Low,Routine monitoring,0.0237813203986421,0.0
2026-05-01,Dhaulpur,0.0,38.0,23.0,30.5,10.5,0.019886267536728,0,7.521019363785483,GREEN,20,Heatwave-v3,excluded,Low,Routine monitoring,0.019886267536728,0.0
2026-05-01,Udaipur,0.0,38.2,23.2,30.700000000000003,10.5,0.0138727897995662,0,7.31054764298482,GREEN,21,Heatwave-v3,excluded,Low,Routine monitoring,0.0138727897995662,0.0
2026-05-01,Alwar,0.0,35.5,19.9,27.7,10.5,0.001310106475221,0,6.870853726632737,GREEN,22,Heatwave-v3,excluded,Low,Routine monitoring,0.001310106475221,0.0
2026-05-01,Churu,0.0,39.2,22.4,30.8,9.0,0.0272910421147193,0,6.805186474015177,GREEN,23,Heatwave-v3,excluded,Low,Routine monitoring,0.0272910421147193,0.0
2026-05-02,Barmer,0.0,44.2,27.5,35.85,38.80957530107529,0.9280402711176232,1,57.70763343481575,RED,1,Heatwave-v3,excluded,High,Emergency heat-health action,0.9280402711176232,1.0
2026-05-02,Bikaner,0.0,43.4,28.8,36.1,31.258846849462387,0.926109052893556,1,52.73206730342501,RED,2,Heatwave-v3,excluded,High,Emergency heat-health action,0.926109052893556,1.0
2026-05-02,Pali,0.0,42.2,29.1,35.650000000000006,35.39505762365592,0.8450666717285497,1,52.584120965875584,RED,3,Heatwave-v3,excluded,Medium,Emergency heat-health action,0.8450666717285497,1.0
2026-05-02,Kota,0.0,42.8,28.9,35.849999999999994,27.15867696774194,0.9065953358575354,1,49.383976784046,RED,4,Heatwave-v3,excluded,High,Emergency heat-health action,0.9065953358575354,1.0
2026-05-02,Jaisalmer,0.0,42.6,28.0,35.3,26.212443881720475,0.8830188377172546,1,47.94374784322222,RED,5,Heatwave-v3,excluded,High,Emergency heat-health action,0.8830188377172546,1.0
2026-05-02,Nagaur,0.0,42.5,27.6,35.05,24.469425903225805,0.8635289080930563,1,46.12863862035374,RED,6,Heatwave-v3,excluded,High,Emergency heat-health action,0.8635289080930563,1.0
2026-05-02,Jodhpur,0.0,41.7,29.0,35.35,21.597724924731192,0.7884540914167243,1,41.634414400660624,RED,7,Heatwave-v3,excluded,Medium,Emergency heat-health action,0.7884540914167243,1.0
2026-05-02,Bundi,0.0,42.3,27.8,35.05,20.4398217096774,0.8055387552946188,1,41.47974054660196,RED,8,Heatwave-v3,excluded,Medium,Emergency heat-health action,0.8055387552946188,1.0
2026-05-02,Bhilwara,0.0,41.6,27.0,34.3,17.37234101075267,0.766077397434873,1,38.10473056720979,RED,9,Heatwave-v3,excluded,Medium,Emergency heat-health action,0.766077397434873,1.0
2026-05-02,Jhalawar,0.0,41.8,28.1,34.95,17.819664075268783,0.6948903444438651,1,35.903943704459984,ORANGE,10,Heatwave-v3,excluded,Medium,Heat-health preparedness activation,0.6948903444438651,1.0
2026-05-02,Banswara,0.0,40.6,27.0,33.8,20.745966537634427,0.612176373594661,1,34.911051325275515,ORANGE,11,Heatwave-v3,excluded,Low,Heat-health preparedness activation,0.612176373594661,1.0
2026-05-02,Ajmer,0.0,40.7,27.7,34.2,12.98863050537634,0.6791771831611219,1,32.21381123913388,ORANGE,12,Heatwave-v3,excluded,Medium,Heat-health preparedness activation,0.6791771831611219,1.0
2026-05-02,Chittaurgarh,0.0,41.1,26.4,33.75,13.911719967741938,0.6460949568330615,1,31.65594146818941,ORANGE,13,Heatwave-v3,excluded,Low,Heat-health preparedness activation,0.6460949568330615,1.0
2026-05-02,Sirohi,0.0,40.6,27.2,33.9,16.866334354838717,0.5566576899710979,1,30.446136479633594,ORANGE,14,Heatwave-v3,excluded,Low,Heat-health preparedness activation,0.5566576899710979,1.0
2026-05-02,Ganganagar,0.0,41.5,25.1,33.3,18.804911129032256,0.5016824150051375,1,29.78207675905078,YELLOW,15,Heatwave-v3,excluded,Low,Targeted surveillance + advisories,0.5016824150051375,1.0
2026-05-02,Sikar,0.0,40.8,25.5,33.15,15.85040121505373,0.3858432607821154,1,23.807274917158963,GREEN,16,Heatwave-v3,excluded,Low,Routine monitoring,0.3858432607821154,1.0
2026-05-02,Jaipur,0.0,40.7,25.6,33.150000000000006,10.5,0.3888272066952108,1,20.43395223433238,GREEN,17,Heatwave-v3,excluded,Low,Routine monitoring,0.3888272066952108,1.0
2026-05-02,Sawai Madhopur,0.0,41.0,25.5,33.25,7.5,0.4074216441758446,1,19.13475754615456,YELLOW,18,Heatwave-v3,excluded,Low,Targeted surveillance + advisories,0.4074216441758446,1.0
2026-05-02,Hanumangarh,0.0,41.0,24.1,32.55,15.457581225806464,0.0997644782383331,0,13.539184535115862,GREEN,19,Heatwave-v3,excluded,Low,Routine monitoring,0.0997644782383331,0.0
2026-05-02,Churu,0.0,41.3,24.1,32.7,13.35759397849462,0.1297476937950826,0,13.223605368849396,GREEN,20,Heatwave-v3,excluded,Low,Routine monitoring,0.1297476937950826,0.0
2026-05-02,Dhaulpur,0.0,39.8,25.5,32.65,10.5,0.0940535778352862,0,10.116875224235017,GREEN,21,Heatwave-v3,excluded,Low,Routine monitoring,0.0940535778352862,0.0
2026-05-02,Alwar,0.0,39.3,23.3,31.3,10.5,0.0276307082675104,0,7.792074789362867,GREEN,22,Heatwave-v3,excluded,Low,Routine monitoring,0.0276307082675104,0.0
2026-05-02,Udaipur,0.0,37.8,24.3,31.05,10.5,0.0113526751052785,0,7.222343628684751,GREEN,23,Heatwave-v3,excluded,Low,Routine monitoring,0.0113526751052785,0.0
2026-05-03,Bikaner,0.0,43.1,28.9,36.0,29.758846849462397,0.994381928275428,1,54.14661794179054,RED,1,Heat-only,excluded,High,Emergency heat-health action,0.994381928275428,1.0
2026-05-03,Hanumangarh,0.0,41.7,26.0,33.85,25.047721462365626,0.9965144181973659,1,51.15902358744546,RED,2,Heat-only,excluded,High,Emergency heat-health action,0.9965144181973659,1.0
2026-05-03,Churu,0.0,41.8,27.4,34.599999999999994,24.6902932688172,0.9893557736811804,1,50.676142703572495,RED,3,Heat-only,excluded,High,Emergency heat-health action,0.9893557736811804,1.0
2026-05-03,Ganganagar,0.0,41.3,26.0,33.65,20.304911129032234,0.9851611089150143,1,47.67883104589645,RED,4,Heat-only,excluded,High,Emergency heat-health action,0.9851611089150143,1.0
2026-05-03,Pali,0.0,40.9,27.6,34.25,23.095057623655887,0.8792472255584063,1,45.78544034992055,RED,5,Heat-only,excluded,High,Emergency heat-health action,0.8792472255584063,1.0
2026-05-03,Jaisalmer,0.0,41.8,27.5,34.65,19.91244388172045,0.9025632799962078,1,44.532803322985565,RED,6,Heat-only,excluded,High,Emergency heat-health action,0.9025632799962078,1.0
2026-05-03,Sikar,0.0,40.3,27.5,33.9,18.85040121505373,0.8651585728631702,1,42.53331083999588,RED,7,Heat-only,excluded,High,Emergency heat-health action,0.8651585728631702,1.0
2026-05-03,Barmer,0.0,41.1,26.3,33.7,16.609575301075285,0.726852138345901,0,36.23604878780547,ORANGE,8,Heat-only,excluded,Medium,Heat-health preparedness activation,0.726852138345901,0.0
2026-05-03,Nagaur,0.0,40.2,28.4,34.3,17.490672892473107,0.7050089297154424,0,36.044249920148,ORANGE,9,Heat-only,excluded,Medium,Heat-health preparedness activation,0.7050089297154424,0.0
2026-05-03,Dhaulpur,0.1,39.8,24.6,32.2,9.0,0.7817893977902982,0,33.212628922660436,ORANGE,10,Heat-only,excluded,Medium,Heat-health preparedness activation,0.7817893977902982,0.0
2026-05-03,Sawai Madhopur,0.0,39.8,26.7,33.25,12.253731688172046,0.66208124934667,0,31.137769324445276,ORANGE,11,Heat-only,excluded,Medium,Heat-health preparedness activation,0.66208124934667,0.0
2026-05-03,Alwar,0.0,37.8,24.0,30.9,10.5,0.681594871867686,0,30.680820515369007,ORANGE,12,Heat-only,excluded,Medium,Heat-health preparedness activation,0.681594871867686,0.0
2026-05-03,Bundi,0.0,41.0,25.6,33.3,10.5,0.6612450066238948,0,29.968575231836315,ORANGE,13,Heat-only,excluded,Medium,Heat-health preparedness activation,0.6612450066238948,0.0
2026-05-03,Kota,0.0,40.9,25.6,33.25,10.5,0.6530790441511889,0,29.682766545291607,ORANGE,14,Heat-only,excluded,Medium,Heat-health preparedness activation,0.6530790441511889,0.0
2026-05-03,Jaipur,0.0,39.0,27.4,33.2,14.945623827956979,0.4522700445114056,0,25.544107046071233,YELLOW,15,Heat-only,excluded,Low,Targeted surveillance + advisories,0.4522700445114056,0.0
2026-05-03,Jodhpur,0.0,40.5,27.5,34.0,12.478669268817196,0.4395631825146163,0,23.49584641274275,YELLOW,16,Heat-only,excluded,Low,Targeted surveillance + advisories,0.4395631825146163,0.0
2026-05-03,Bhilwara,0.0,38.7,25.1,31.9,10.5,0.4221480717479056,0,21.600182511176694,YELLOW,17,Heat-only,excluded,Low,Targeted surveillance + advisories,0.4221480717479056,0.0
2026-05-03,Ajmer,0.0,39.6,26.8,33.2,10.5,0.36019853285078546,0,19.431948649777492,GREEN,18,Heat-only,excluded,Low,Routine monitoring,0.36019853285078546,0.0
2026-05-03,Jhalawar,0.0,40.8,26.5,33.65,10.778384440860222,0.3486753377585879,0,19.20958670810972,GREEN,19,Heat-only,excluded,Low,Routine monitoring,0.3486753377585879,0.0
2026-05-03,Sirohi,0.0,39.6,25.6,32.6,10.5,0.28630422391836197,0,16.845647837142668,GREEN,20,Heat-only,excluded,Low,Routine monitoring,0.28630422391836197,0.0
2026-05-03,Udaipur,0.0,36.3,22.4,29.35,10.5,0.2659940998483957,0,16.13479349469385,GREEN,21,Heat-only,excluded,Low,Routine monitoring,0.2659940998483957,0.0
2026-05-03,Chittaurgarh,0.0,37.6,25.0,31.3,10.5,0.19221036000017624,0,13.552362600006168,GREEN,22,Heat-only,excluded,Low,Routine monitoring,0.19221036000017624,0.0
2026-05-03,Banswara,0.0,38.2,26.0,32.1,12.639573935483877,0.10459464711127438,0,11.876535706959125,GREEN,23,Heat-only,excluded,Low,Routine monitoring,0.10459464711127438,0.0
2026-05-04,Pali,0.0,41.0,26.9,33.95,21.595057623655887,0.7397826275349969,0,39.92917941910122,ORANGE,1,Heat-only,excluded,Medium,Heat-health preparedness activation,0.7397826275349969,0.0
2026-05-04,Barmer,0.0,41.7,25.8,33.75,19.9286072043011,0.6962672415731899,0,37.32294813785736,ORANGE,2,Heat-only,excluded,Medium,Heat-health preparedness activation,0.6962672415731899,0.0
2026-05-04,Nagaur,0.0,40.5,26.1,33.3,10.590672892473115,0.39215591343303996,0,20.609394350263926,GREEN,3,Heat-only,excluded,Low,Routine monitoring,0.39215591343303996,0.0
2026-05-04,Alwar,12.6,36.7,22.4,29.55,9.0,0.3576422327236837,0,18.367478145328928,GREEN,4,Heat-only,excluded,Low,Routine monitoring,0.3576422327236837,0.0
2026-05-04,Sawai Madhopur,0.9,37.5,24.0,30.75,9.0,0.2895116022931009,0,15.98290608025853,GREEN,5,Heat-only,excluded,Low,Routine monitoring,0.2895116022931009,0.0
2026-05-04,Udaipur,0.0,36.5,22.2,29.35,10.5,0.259212047109556,0,15.89742164883446,GREEN,6,Heat-only,excluded,Low,Routine monitoring,0.259212047109556,0.0
2026-05-04,Banswara,0.0,38.7,26.1,32.400000000000006,12.939573935483882,0.1984459523270393,0,15.356331389510899,GREEN,7,Heat-only,excluded,Low,Routine monitoring,0.1984459523270393,0.0
2026-05-04,Churu,0.1,38.7,26.5,32.6,13.132699290322584,0.1861002039654893,0,15.049761677501806,GREEN,8,Heat-only,excluded,Low,Routine monitoring,0.1861002039654893,0.0
2026-05-04,Jaipur,1.9,36.9,24.0,30.45,9.0,0.24415692162638777,0,14.395492256923571,GREEN,9,Heat-only,excluded,Low,Routine monitoring,0.24415692162638777,0.0
2026-05-04,Sirohi,0.0,40.2,25.5,32.85,11.675557591397862,0.1695792012954249,0,13.52438447974848,GREEN,10,Heat-only,excluded,Low,Routine monitoring,0.1695792012954249,0.0
2026-05-04,Ajmer,1.5,38.7,25.2,31.950000000000003,9.0,0.21727093247386778,0,13.454482636585372,GREEN,11,Heat-only,excluded,Low,Routine monitoring,0.21727093247386778,0.0
2026-05-04,Chittaurgarh,0.1,38.2,24.5,31.35,9.0,0.21633996611012812,0,13.421898813854483,GREEN,12,Heat-only,excluded,Low,Routine monitoring,0.21633996611012812,0.0
2026-05-04,Jodhpur,0.0,39.3,27.5,33.4,12.478669268817196,0.1403724341179648,0,13.024170218859947,GREEN,13,Heat-only,excluded,Low,Routine monitoring,0.1403724341179648,0.0
2026-05-04,Bundi,4.1,39.2,24.7,31.950000000000003,9.0,0.17108175460001207,0,11.837861411000421,GREEN,14,Heat-only,excluded,Low,Routine monitoring,0.17108175460001207,0.0
2026-05-04,Hanumangarh,0.0,37.3,23.9,30.6,10.5,0.13477365331303837,0,11.542077865956344,GREEN,15,Heat-only,excluded,Low,Routine monitoring,0.13477365331303837,0.0
2026-05-04,Bikaner,0.1,38.7,27.4,33.05,12.521728419354826,0.09446963808590493,0,11.44556080558731,GREEN,16,Heat-only,excluded,Low,Routine monitoring,0.09446963808590493,0.0
2026-05-04,Ganganagar,4.8,37.0,23.0,30.0,9.0,0.14946004894135737,0,11.081101712947508,GREEN,17,Heat-only,excluded,Low,Routine monitoring,0.14946004894135737,0.0
2026-05-04,Jaisalmer,0.0,40.2,26.2,33.2,10.5,0.1099132063481577,0,10.67196222218552,GREEN,18,Heat-only,excluded,Low,Routine monitoring,0.1099132063481577,0.0
2026-05-04,Sikar,0.4,37.0,24.8,30.9,9.005725666666667,0.13310415396600297,0,10.512367072143437,GREEN,19,Heat-only,excluded,Low,Routine monitoring,0.13310415396600297,0.0
2026-05-04,Kota,0.0,38.7,26.1,32.400000000000006,10.5,0.08886502014407788,0,9.935275705042725,GREEN,20,Heat-only,excluded,Low,Routine monitoring,0.08886502014407788,0.0
2026-05-04,Dhaulpur,0.9,37.8,24.1,30.95,7.5,0.14355308592524516,0,9.89935800738358,GREEN,21,Heat-only,excluded,Low,Routine monitoring,0.14355308592524516,0.0
2026-05-04,Bhilwara,0.0,36.9,25.8,31.35,10.5,0.08156329245049751,0,9.679715235767413,GREEN,22,Heat-only,excluded,Low,Routine monitoring,0.08156329245049751,0.0
2026-05-04,Jhalawar,4.1,38.1,25.6,31.85,9.0,0.09189469689092707,0,9.066314391182448,GREEN,23,Heat-only,excluded,Low,Routine monitoring,0.09189469689092707,0.0
2026-05-05,Pali,0.0,39.8,26.4,33.099999999999994,12.89505762365587,0.4189197899254087,1,23.04398010276562,YELLOW,1,Heatwave-v3,excluded,Low,Targeted surveillance + advisories,0.4189197899254087,1.0
2026-05-05,Jodhpur,0.0,38.7,26.8,32.75,10.5,0.1829662068632694,0,13.228817240214427,GREEN,2,Heatwave-v3,excluded,Low,Routine monitoring,0.1829662068632694,0.0
2026-05-05,Barmer,0.0,41.1,22.1,31.6,16.328607204301093,0.0321443584774202,0,11.73864722950542,GREEN,3,Heatwave-v3,excluded,Low,Routine monitoring,0.0321443584774202,0.0
2026-05-05,Banswara,0.0,38.2,26.5,32.35,14.139573935483876,0.0524633921227613,0,11.026941782361169,GREEN,4,Heatwave-v3,excluded,Low,Routine monitoring,0.0524633921227613,0.0
2026-05-05,Jhalawar,0.9,38.9,23.9,31.4,6.0,0.1923501210734676,0,10.632254237571368,GREEN,5,Heatwave-v3,excluded,Low,Routine monitoring,0.1923501210734676,0.0
2026-05-05,Sirohi,0.0,39.2,24.9,32.05,10.5,0.0787592558227412,0,9.581573953795944,GREEN,6,Heatwave-v3,excluded,Low,Routine monitoring,0.0787592558227412,0.0
2026-05-05,Kota,2.9,38.6,24.0,31.3,7.5,0.1280009929674389,0,9.355034753860362,GREEN,7,Heatwave-v3,excluded,Low,Routine monitoring,0.1280009929674389,0.0
2026-05-05,Jaisalmer,0.0,38.7,26.1,32.400000000000006,10.5,0.0676216119477534,0,9.191756418171371,GREEN,8,Heatwave-v3,excluded,Low,Routine monitoring,0.0676216119477534,0.0
2026-05-05,Bikaner,0.0,37.3,24.2,30.75,10.5,0.0333303682104733,0,7.991562887366567,GREEN,9,Heatwave-v3,excluded,Low,Routine monitoring,0.0333303682104733,0.0
2026-05-05,Nagaur,0.0,37.3,24.5,30.9,10.5,0.0219878585579991,0,7.59457504952997,GREEN,10,Heatwave-v3,excluded,Low,Routine monitoring,0.0219878585579991,0.0
2026-05-05,Hanumangarh,0.0,35.0,21.9,28.45,10.5,0.0013774441095386,0,6.873210543833852,GREEN,11,Heatwave-v3,excluded,Low,Routine monitoring,0.0013774441095386,0.0
2026-05-05,Udaipur,0.0,35.8,21.9,28.85,10.5,0.0013239279930859,0,6.871337479758007,GREEN,12,Heatwave-v3,excluded,Low,Routine monitoring,0.0013239279930859,0.0
2026-05-05,Bhilwara,0.0,36.7,22.5,29.6,9.0,0.0036095668837661,0,5.976334840931816,GREEN,13,Heatwave-v3,excluded,Low,Routine monitoring,0.0036095668837661,0.0
2026-05-05,Ganganagar,0.0,34.3,21.4,27.85,9.0,0.0014475535743669,0,5.900664375102844,GREEN,14,Heatwave-v3,excluded,Low,Routine monitoring,0.0014475535743669,0.0
2026-05-05,Sikar,0.0,35.2,21.4,28.3,9.0,0.0013774441095386,0,5.898210543833852,GREEN,15,Heatwave-v3,excluded,Low,Routine monitoring,0.0013774441095386,0.0
2026-05-05,Churu,0.0,35.3,21.5,28.4,9.0,0.0013652235307343,0,5.897782823575702,GREEN,16,Heatwave-v3,excluded,Low,Routine monitoring,0.0013652235307343,0.0
2026-05-05,Bundi,0.9,37.9,22.5,30.2,7.5,0.0222958472969911,0,5.6553546553946905,GREEN,17,Heatwave-v3,excluded,Low,Routine monitoring,0.0222958472969911,0.0
2026-05-05,Alwar,6.8,32.7,20.2,26.450000000000003,7.5,0.0015289659465665,0,4.92851380812983,GREEN,18,Heatwave-v3,excluded,Low,Routine monitoring,0.0015289659465665,0.0
2026-05-05,Ajmer,1.3,35.9,22.5,29.2,7.5,0.0015157322596166,0,4.928050629086581,GREEN,19,Heatwave-v3,excluded,Low,Routine monitoring,0.0015157322596166,0.0
2026-05-05,Jaipur,5.4,34.5,21.0,27.75,7.5,0.0014475535743669,0,4.925664375102843,GREEN,20,Heatwave-v3,excluded,Low,Routine monitoring,0.0014475535743669,0.0
2026-05-05,Chittaurgarh,0.9,37.7,23.1,30.4,6.0,0.0164242103287152,0,4.474847361505035,GREEN,21,Heatwave-v3,excluded,Low,Routine monitoring,0.0164242103287152,0.0
2026-05-05,Dhaulpur,0.2,33.6,22.2,27.9,6.0,0.001772703682555,0,3.9620446288894255,GREEN,22,Heatwave-v3,excluded,Low,Routine monitoring,0.001772703682555,0.0
2026-05-06,Bhilwara,0.0,36.7,22.0,29.35,10.5,0.03422178812776235,0,8.022762584471682,GREEN,1,Heat-only,excluded,Low,Routine monitoring,0.03422178812776235,0.0
2026-05-06,Barmer,0.0,40.3,24.0,32.15,11.528607204301068,0.004669870608137204,0,7.657040154080496,GREEN,2,Heat-only,excluded,Low,Routine monitoring,0.004669870608137204,0.0
2026-05-06,Udaipur,0.0,34.9,21.7,28.3,10.5,0.007981404265213153,0,7.10434914928246,GREEN,3,Heat-only,excluded,Low,Routine monitoring,0.007981404265213153,0.0
2026-05-06,Kota,0.0,37.5,24.1,30.8,10.5,0.00657978739895679,0,7.055292558963488,GREEN,4,Heat-only,excluded,Low,Routine monitoring,0.00657978739895679,0.0
2026-05-06,Nagaur,0.0,36.9,21.6,29.25,10.5,0.00557345595079299,0,7.0200709582777545,GREEN,5,Heat-only,excluded,Low,Routine monitoring,0.00557345595079299,0.0
2026-05-06,Hanumangarh,0.0,36.0,21.4,28.7,10.5,0.005242877997366176,0,7.008500729907817,GREEN,6,Heat-only,excluded,Low,Routine monitoring,0.005242877997366176,0.0
2026-05-06,Banswara,0.0,37.2,23.6,30.4,10.5,0.004781673290057919,0,6.992358565152028,GREEN,7,Heat-only,excluded,Low,Routine monitoring,0.004781673290057919,0.0
2026-05-06,Jodhpur,0.0,38.0,25.2,31.6,10.5,0.0044974010838049324,0,6.982409037933173,GREEN,8,Heat-only,excluded,Low,Routine monitoring,0.0044974010838049324,0.0
2026-05-06,Sirohi,0.0,37.9,23.8,30.85,10.5,0.003235059187507428,0,6.9382270715627605,GREEN,9,Heat-only,excluded,Low,Routine monitoring,0.003235059187507428,0.0
2026-05-06,Pali,0.0,38.3,23.3,30.8,10.5,0.0030943691545334403,0,6.9333029204086705,GREEN,10,Heat-only,excluded,Low,Routine monitoring,0.0030943691545334403,0.0
2026-05-06,Jaisalmer,0.0,39.8,26.2,33.0,10.5,0.001854544831645064,0,6.889909069107578,GREEN,11,Heat-only,excluded,Low,Routine monitoring,0.001854544831645064,0.0
2026-05-06,Chittaurgarh,0.0,36.6,21.0,28.8,9.0,0.011873941286488294,0,6.265587945027091,GREEN,12,Heat-only,excluded,Low,Routine monitoring,0.011873941286488294,0.0
2026-05-06,Sikar,0.0,34.7,19.9,27.3,9.0,0.006463454751548662,0,6.076220916304203,GREEN,13,Heat-only,excluded,Low,Routine monitoring,0.006463454751548662,0.0
2026-05-06,Bikaner,0.0,38.0,23.1,30.55,9.0,0.0054340329606926835,0,6.040191153624244,GREEN,14,Heat-only,excluded,Low,Routine monitoring,0.0054340329606926835,0.0
2026-05-06,Alwar,0.0,35.0,20.8,27.9,9.0,0.005356965611348968,0,6.037493796397214,GREEN,15,Heat-only,excluded,Low,Routine monitoring,0.005356965611348968,0.0
2026-05-06,Ajmer,0.0,35.5,21.8,28.65,9.0,0.004522129466565401,0,6.008274531329789,GREEN,16,Heat-only,excluded,Low,Routine monitoring,0.004522129466565401,0.0
2026-05-06,Churu,0.0,35.1,20.7,27.9,9.0,0.004501640143748086,0,6.007557405031184,GREEN,17,Heat-only,excluded,Low,Routine monitoring,0.004501640143748086,0.0
2026-05-06,Jhalawar,0.0,37.5,23.8,30.65,9.0,0.004211021836460752,0,5.997385764276127,GREEN,18,Heat-only,excluded,Low,Routine monitoring,0.004211021836460752,0.0
2026-05-06,Jaipur,0.0,35.0,21.7,28.35,9.0,0.003730471523792531,0,5.9805665033327395,GREEN,19,Heat-only,excluded,Low,Routine monitoring,0.003730471523792531,0.0
2026-05-06,Ganganagar,0.0,36.1,21.2,28.65,9.0,0.003631981203942666,0,5.977119342137994,GREEN,20,Heat-only,excluded,Low,Routine monitoring,0.003631981203942666,0.0
2026-05-06,Sawai Madhopur,0.0,35.6,22.2,28.9,9.0,0.0034711894368428596,0,5.971491630289501,GREEN,21,Heat-only,excluded,Low,Routine monitoring,0.0034711894368428596,0.0
2026-05-06,Bundi,0.0,37.2,23.0,30.1,9.0,0.0033838644958201886,0,5.968435257353707,GREEN,22,Heat-only,excluded,Low,Routine monitoring,0.0033838644958201886,0.0
2026-05-06,Dhaulpur,0.0,34.8,22.0,28.4,7.5,0.0020236608882531868,0,4.945828131088861,GREEN,23,Heat-only,excluded,Low,Routine monitoring,0.0020236608882531868,0.0
2026-05-07,Barmer,0.0,42.3,26.0,34.15,23.528607204301068,0.08513277974046031,0,18.273241973711805,GREEN,1,Heat-only,excluded,Low,Routine monitoring,0.08513277974046031,0.0
2026-05-07,Jaisalmer,0.0,42.3,26.7,34.5,20.512443881720447,0.09448666274035994,0,16.64012171903089,GREEN,2,Heat-only,excluded,Low,Routine monitoring,0.09448666274035994,0.0
2026-05-07,Pali,0.0,40.7,25.9,33.3,17.129419032258056,0.012662758167066789,0,11.577318906815075,GREEN,3,Heat-only,excluded,Low,Routine monitoring,0.012662758167066789,0.0
2026-05-07,Bikaner,0.0,41.9,24.1,33.0,13.037118430107554,0.029901916899915584,0,9.520694071066957,GREEN,4,Heat-only,excluded,Low,Routine monitoring,0.029901916899915584,0.0
2026-05-07,Bhilwara,0.0,38.5,22.6,30.55,10.5,0.017796027564963544,0,7.447860964773724,GREEN,5,Heat-only,excluded,Low,Routine monitoring,0.017796027564963544,0.0
2026-05-07,Udaipur,0.0,37.1,23.1,30.1,10.5,0.016249413758018715,0,7.393729481530655,GREEN,6,Heat-only,excluded,Low,Routine monitoring,0.016249413758018715,0.0
2026-05-07,Kota,0.0,39.8,24.8,32.3,10.5,0.01156604191345606,0,7.229811466970962,GREEN,7,Heat-only,excluded,Low,Routine monitoring,0.01156604191345606,0.0
2026-05-07,Nagaur,0.0,40.5,24.0,32.25,10.5,0.010102764233038205,0,7.1785967481563375,GREEN,8,Heat-only,excluded,Low,Routine monitoring,0.010102764233038205,0.0
2026-05-07,Hanumangarh,0.0,38.8,23.4,31.1,10.5,0.010037030096243262,0,7.176296053368515,GREEN,9,Heat-only,excluded,Low,Routine monitoring,0.010037030096243262,0.0
2026-05-07,Banswara,0.0,39.7,24.5,32.1,10.5,0.0064790049430463546,0,7.051765173006623,GREEN,10,Heat-only,excluded,Low,Routine monitoring,0.0064790049430463546,0.0
2026-05-07,Jodhpur,0.0,40.8,26.8,33.8,10.5,0.005643158721645257,0,7.022510555257584,GREEN,11,Heat-only,excluded,Low,Routine monitoring,0.005643158721645257,0.0
2026-05-07,Sirohi,0.0,39.4,25.8,32.6,10.5,0.003041284162094203,0,6.931444945673297,GREEN,12,Heat-only,excluded,Low,Routine monitoring,0.003041284162094203,0.0
2026-05-07,Sawai Madhopur,0.0,39.0,22.7,30.85,9.0,0.02583611239793165,0,6.754263933927608,GREEN,13,Heat-only,excluded,Low,Routine monitoring,0.02583611239793165,0.0
2026-05-07,Chittaurgarh,0.0,38.9,20.6,29.75,9.0,0.023947620866289984,0,6.68816673032015,GREEN,14,Heat-only,excluded,Low,Routine monitoring,0.023947620866289984,0.0
2026-05-07,Jhalawar,0.0,40.0,22.4,31.2,9.0,0.02214904356954152,0,6.625216524933954,GREEN,15,Heat-only,excluded,Low,Routine monitoring,0.02214904356954152,0.0
2026-05-07,Bundi,0.0,40.0,22.5,31.25,9.0,0.02084427265431984,0,6.579549542901194,GREEN,16,Heat-only,excluded,Low,Routine monitoring,0.02084427265431984,0.0
2026-05-07,Jaipur,0.0,38.5,23.4,30.95,9.0,0.013846355908268696,0,6.334622456789405,GREEN,17,Heat-only,excluded,Low,Routine monitoring,0.013846355908268696,0.0
2026-05-07,Ajmer,0.0,37.8,23.5,30.65,9.0,0.00788831109207359,0,6.126090888222576,GREEN,18,Heat-only,excluded,Low,Routine monitoring,0.00788831109207359,0.0
2026-05-07,Sikar,0.0,38.3,22.6,30.45,9.0,0.007767076767806141,0,6.121847686873215,GREEN,19,Heat-only,excluded,Low,Routine monitoring,0.007767076767806141,0.0
2026-05-07,Churu,0.0,39.6,23.5,31.55,9.0,0.006587040835813229,0,6.080546429253464,GREEN,20,Heat-only,excluded,Low,Routine monitoring,0.006587040835813229,0.0
2026-05-07,Ganganagar,0.0,38.9,23.7,31.3,9.0,0.005210648025796082,0,6.0323726809028635,GREEN,21,Heat-only,excluded,Low,Routine monitoring,0.005210648025796082,0.0
2026-05-07,Dhaulpur,0.0,37.2,22.7,29.950000000000003,7.5,0.012598733029748396,0,5.315955656041194,GREEN,22,Heat-only,excluded,Low,Routine monitoring,0.012598733029748396,0.0
2026-05-07,Alwar,0.1,36.8,21.5,29.15,7.5,0.00510823292923221,0,5.053788152523127,GREEN,23,Heat-only,excluded,Low,Routine monitoring,0.00510823292923221,0.0
2026-05-08,Barmer,0.0,43.0,25.0,34.0,27.728607204301085,0.4893367984858349,0,35.15038262979993,YELLOW,1,Heat-only,excluded,Low,Targeted surveillance + advisories,0.4893367984858349,0.0
2026-05-08,Pali,0.0,41.3,26.2,33.75,21.29505762365587,0.09439891883813553,0,17.14574961471106,GREEN,2,Heat-only,excluded,Low,Routine monitoring,0.09439891883813553,0.0
2026-05-08,Jaisalmer,0.0,41.8,26.8,34.3,17.81244388172045,0.018617730799347736,0,12.229709101095466,GREEN,3,Heat-only,excluded,Low,Routine monitoring,0.018617730799347736,0.0
2026-05-08,Jodhpur,0.0,41.4,27.6,34.5,15.597724924731171,0.01843181117107892,0,10.783634592063024,GREEN,4,Heat-only,excluded,Low,Routine monitoring,0.01843181117107892,0.0
2026-05-08,Sirohi,0.0,40.5,26.8,33.65,15.066334354838713,0.018166241126612703,0,10.428935770076608,GREEN,5,Heat-only,excluded,Low,Routine monitoring,0.018166241126612703,0.0
2026-05-08,Banswara,0.0,40.3,25.1,32.7,13.806392602150524,0.013913537626609252,0,9.461129008329165,GREEN,6,Heat-only,excluded,Low,Routine monitoring,0.013913537626609252,0.0
2026-05-08,Nagaur,0.0,40.1,27.1,33.6,13.590672892473115,0.006936307289107203,0,9.076708135226276,GREEN,7,Heat-only,excluded,Low,Routine monitoring,0.006936307289107203,0.0
2026-05-08,Bhilwara,0.0,40.3,22.5,31.4,10.5,0.04937175086054988,0,8.553011280119247,GREEN,8,Heat-only,excluded,Low,Routine monitoring,0.04937175086054988,0.0
2026-05-08,Udaipur,0.0,38.0,23.3,30.65,10.5,0.019023495982866408,0,7.490822359400324,GREEN,9,Heat-only,excluded,Low,Routine monitoring,0.019023495982866408,0.0
2026-05-08,Kota,0.0,40.9,25.5,33.2,10.5,0.010888618564243389,0,7.206101649748518,GREEN,10,Heat-only,excluded,Low,Routine monitoring,0.010888618564243389,0.0
2026-05-08,Hanumangarh,0.0,37.3,23.7,30.5,10.5,0.005729251786123452,0,7.025523812514321,GREEN,11,Heat-only,excluded,Low,Routine monitoring,0.005729251786123452,0.0
2026-05-08,Jaipur,0.0,37.8,21.9,29.85,9.0,0.02932057598094424,0,6.876220159333049,GREEN,12,Heat-only,excluded,Low,Routine monitoring,0.02932057598094424,0.0
2026-05-08,Sawai Madhopur,0.0,39.0,22.4,30.7,9.0,0.02474671296074321,0,6.716134953626013,GREEN,13,Heat-only,excluded,Low,Routine monitoring,0.02474671296074321,0.0
2026-05-08,Sikar,0.0,37.5,22.6,30.05,9.0,0.016289961707609567,0,6.420148659766335,GREEN,14,Heat-only,excluded,Low,Routine monitoring,0.016289961707609567,0.0
2026-05-08,Chittaurgarh,0.0,39.7,22.7,31.200000000000003,9.0,0.013767311656849938,0,6.331855907989748,GREEN,15,Heat-only,excluded,Low,Routine monitoring,0.013767311656849938,0.0
2026-05-08,Churu,0.0,36.7,22.2,29.450000000000003,9.0,0.011374637144598215,0,6.248112300060938,GREEN,16,Heat-only,excluded,Low,Routine monitoring,0.011374637144598215,0.0
2026-05-08,Bundi,0.0,41.0,25.2,33.1,9.0,0.005579867363696462,0,6.045295357729377,GREEN,17,Heat-only,excluded,Low,Routine monitoring,0.005579867363696462,0.0
2026-05-08,Ganganagar,0.0,37.6,24.1,30.85,9.0,0.004609604142334911,0,6.011336144981723,GREEN,18,Heat-only,excluded,Low,Routine monitoring,0.004609604142334911,0.0
2026-05-08,Bikaner,0.0,40.2,24.8,32.5,9.0,0.004076056413210875,0,5.992661974462381,GREEN,19,Heat-only,excluded,Low,Routine monitoring,0.004076056413210875,0.0
2026-05-08,Jhalawar,0.0,40.5,25.2,32.85,9.0,0.003408100126081208,0,5.969283504412843,GREEN,20,Heat-only,excluded,Low,Routine monitoring,0.003408100126081208,0.0
2026-05-08,Dhaulpur,0.0,36.5,22.0,29.25,7.5,0.021047353099449943,0,5.611657358480748,GREEN,21,Heat-only,excluded,Low,Routine monitoring,0.021047353099449943,0.0
2026-05-08,Ajmer,0.1,38.8,24.1,31.45,7.5,0.017447060914281602,0,5.4856471319998565,GREEN,22,Heat-only,excluded,Low,Routine monitoring,0.017447060914281602,0.0
2026-05-08,Alwar,0.0,34.0,21.0,27.5,7.5,0.0028324761870068453,0,4.97413666654524,GREEN,23,Heat-only,excluded,Low,Routine monitoring,0.0028324761870068453,0.0
2026-05-09,Jaisalmer,0.0,42.8,27.9,35.349999999999994,27.112443881720445,0.15233013747445878,0,22.95464333472435,GREEN,1,Heat-only,excluded,Low,Routine monitoring,0.15233013747445878,0.0
2026-05-09,Barmer,0.0,42.8,26.5,34.65,27.409575301075257,0.10682770979965923,0,21.555193788686992,GREEN,2,Heat-only,excluded,Low,Routine monitoring,0.10682770979965923,0.0
2026-05-09,Pali,0.0,40.7,27.4,34.05,21.295057623655904,0.01921954761026182,0,14.5144716217355,GREEN,3,Heat-only,excluded,Low,Routine monitoring,0.01921954761026182,0.0
2026-05-09,Banswara,0.0,40.9,25.1,33.0,17.406392602150532,0.03078395255266229,0,12.391593530741027,GREEN,4,Heat-only,excluded,Low,Routine monitoring,0.03078395255266229,0.0
2026-05-09,Jodhpur,0.0,41.6,26.8,34.2,14.519055655913988,0.014342848553509781,0,9.939385875716935,GREEN,5,Heat-only,excluded,Low,Routine monitoring,0.014342848553509781,0.0
2026-05-09,Sirohi,0.0,40.0,26.6,33.3,11.49077676344087,0.0037250657300979964,0,7.599382196789996,GREEN,6,Heat-only,excluded,Low,Routine monitoring,0.0037250657300979964,0.0
2026-05-09,Hanumangarh,0.0,39.5,23.5,31.5,10.5,0.01756834641888383,0,7.439892124660934,GREEN,7,Heat-only,excluded,Low,Routine monitoring,0.01756834641888383,0.0
2026-05-09,Nagaur,0.0,39.9,25.8,32.85,10.5,0.009075365959351933,0,7.142637808577318,GREEN,8,Heat-only,excluded,Low,Routine monitoring,0.009075365959351933,0.0
2026-05-09,Bhilwara,0.0,39.2,23.1,31.15,10.5,0.008972802234859913,0,7.139048078220097,GREEN,9,Heat-only,excluded,Low,Routine monitoring,0.008972802234859913,0.0
2026-05-09,Kota,0.0,39.5,24.3,31.9,10.5,0.00713245376652019,0,7.074635881828207,GREEN,10,Heat-only,excluded,Low,Routine monitoring,0.00713245376652019,0.0
2026-05-09,Udaipur,0.0,37.9,24.4,31.15,10.5,0.005112628227378851,0,7.00394198795826,GREEN,11,Heat-only,excluded,Low,Routine monitoring,0.005112628227378851,0.0
2026-05-09,Bikaner,0.0,40.8,26.5,33.65,9.82172841935483,0.004018964652858943,0,6.524787235430703,GREEN,12,Heat-only,excluded,Low,Routine monitoring,0.004018964652858943,0.0
2026-05-09,Chittaurgarh,0.0,39.2,23.1,31.15,9.0,0.01232609742998983,0,6.281413410049645,GREEN,13,Heat-only,excluded,Low,Routine monitoring,0.01232609742998983,0.0
2026-05-09,Churu,0.0,38.4,23.2,30.8,9.0,0.011428685674212014,0,6.250003998597421,GREEN,14,Heat-only,excluded,Low,Routine monitoring,0.011428685674212014,0.0
2026-05-09,Jhalawar,0.0,40.0,24.1,32.05,9.0,0.011320417809971983,0,6.24621462334902,GREEN,15,Heat-only,excluded,Low,Routine monitoring,0.011320417809971983,0.0
2026-05-09,Ganganagar,0.0,39.5,24.5,32.0,9.0,0.007977482057090812,0,6.129211871998179,GREEN,16,Heat-only,excluded,Low,Routine monitoring,0.007977482057090812,0.0
2026-05-09,Sikar,0.0,38.0,23.5,30.75,9.0,0.00787364721007951,0,6.125577652352783,GREEN,17,Heat-only,excluded,Low,Routine monitoring,0.00787364721007951,0.0
2026-05-09,Bundi,0.0,39.0,24.6,31.8,9.0,0.005055319889170874,0,6.026936196120981,GREEN,18,Heat-only,excluded,Low,Routine monitoring,0.005055319889170874,0.0
2026-05-09,Sawai Madhopur,0.0,37.5,24.0,30.75,9.0,0.0037224161327367496,0,5.980284564645787,GREEN,19,Heat-only,excluded,Low,Routine monitoring,0.0037224161327367496,0.0
2026-05-09,Jaipur,0.0,37.6,24.3,30.950000000000003,9.0,0.003448490316528869,0,5.970697161078511,GREEN,20,Heat-only,excluded,Low,Routine monitoring,0.003448490316528869,0.0
2026-05-09,Ajmer,0.0,38.8,24.0,31.4,7.5,0.007916465816157837,0,5.152076303565524,GREEN,21,Heat-only,excluded,Low,Routine monitoring,0.007916465816157837,0.0
2026-05-09,Dhaulpur,0.0,36.0,24.0,30.0,7.5,0.004719156424673675,0,5.0401704748635785,GREEN,22,Heat-only,excluded,Low,Routine monitoring,0.004719156424673675,0.0
2026-05-09,Alwar,0.0,35.5,22.7,29.1,7.5,0.004359811298111165,0,5.0275933954338905,GREEN,23,Heat-only,excluded,Low,Routine monitoring,0.004359811298111165,0.0
2026-05-10,Barmer,0.0,44.3,27.9,36.1,40.60957530107525,0.8814449837647064,1,57.246798377463634,RED,1,Heat-only,excluded,High,Emergency heat-health action,0.8814449837647064,1.0
2026-05-10,Pali,0.0,42.8,28.6,35.7,37.49505762365588,0.7629488483844659,0,51.07499714883263,ORANGE,2,Heat-only,excluded,Medium,Heat-health preparedness activation,0.7629488483844659,0.0
2026-05-10,Jaisalmer,0.0,43.6,27.9,35.75,31.91244388172047,0.4860022546996356,0,37.753167437605555,YELLOW,3,Heat-only,excluded,Low,Targeted surveillance + advisories,0.4860022546996356,0.0
2026-05-10,Jodhpur,0.0,43.2,29.5,36.35,32.097724924731196,0.29814735260199043,0,31.298678542144945,GREEN,4,Heat-only,excluded,Low,Routine monitoring,0.29814735260199043,0.0
2026-05-10,Sirohi,0.0,42.0,29.0,35.5,30.66633435483871,0.2551578063408963,0,28.863640552576534,GREEN,5,Heat-only,excluded,Low,Routine monitoring,0.2551578063408963,0.0
2026-05-10,Banswara,0.0,42.1,26.7,34.4,28.845966537634425,0.24386654708889105,0,27.285207397573565,GREEN,6,Heat-only,excluded,Low,Routine monitoring,0.24386654708889105,0.0
2026-05-10,Bikaner,0.0,42.2,27.9,35.05,19.858846849462406,0.06937288427187403,0,15.336301401666155,GREEN,7,Heat-only,excluded,Low,Routine monitoring,0.06937288427187403,0.0
2026-05-10,Ganganagar,0.0,40.6,26.4,33.5,15.804911129032256,0.016331975622233205,0,10.844811380649128,GREEN,8,Heat-only,excluded,Low,Routine monitoring,0.016331975622233205,0.0
2026-05-10,Hanumangarh,0.0,39.8,25.8,32.8,15.290140236559147,0.009431067105170188,0,10.268678502444402,GREEN,9,Heat-only,excluded,Low,Routine monitoring,0.009431067105170188,0.0
2026-05-10,Nagaur,0.0,41.3,26.6,33.95,14.269425903225788,0.012409603804790848,0,9.709462970264441,GREEN,10,Heat-only,excluded,Low,Routine monitoring,0.012409603804790848,0.0
2026-05-10,Udaipur,0.0,39.6,26.1,32.85,13.523359698924732,0.013033625376369392,0,9.246360692474004,GREEN,11,Heat-only,excluded,Low,Routine monitoring,0.013033625376369392,0.0
2026-05-10,Bhilwara,0.0,40.1,25.9,33.0,10.5,0.005149103903064188,0,7.005218636607247,GREEN,12,Heat-only,excluded,Low,Routine monitoring,0.005149103903064188,0.0
2026-05-10,Kota,0.0,40.5,25.7,33.1,10.5,0.005081628201544027,0,7.002856987054041,GREEN,13,Heat-only,excluded,Low,Routine monitoring,0.005081628201544027,0.0
2026-05-10,Churu,0.0,39.2,25.2,32.2,9.232699290322582,0.0074709949338409125,0,6.262739361394111,GREEN,14,Heat-only,excluded,Low,Routine monitoring,0.0074709949338409125,0.0
2026-05-10,Sawai Madhopur,0.0,38.0,24.6,31.3,9.0,0.011785273830461523,0,6.262484584066153,GREEN,15,Heat-only,excluded,Low,Routine monitoring,0.011785273830461523,0.0
2026-05-10,Chittaurgarh,0.0,40.2,24.1,32.150000000000006,9.0,0.010265274017095372,0,6.2092845905983385,GREEN,16,Heat-only,excluded,Low,Routine monitoring,0.010265274017095372,0.0
2026-05-10,Jaipur,0.0,38.1,25.5,31.8,9.0,0.008245389990368434,0,6.138588649662895,GREEN,17,Heat-only,excluded,Low,Routine monitoring,0.008245389990368434,0.0
2026-05-10,Sikar,0.0,38.8,24.7,31.75,9.0,0.007408970175329112,0,6.1093139561365195,GREEN,18,Heat-only,excluded,Low,Routine monitoring,0.007408970175329112,0.0
2026-05-10,Bundi,0.0,40.0,25.3,32.65,9.0,0.005664389937244903,0,6.048253647803572,GREEN,19,Heat-only,excluded,Low,Routine monitoring,0.005664389937244903,0.0
2026-05-10,Jhalawar,0.0,40.6,25.9,33.25,9.0,0.0028757611258949122,0,5.950651639406322,GREEN,20,Heat-only,excluded,Low,Routine monitoring,0.0028757611258949122,0.0
2026-05-10,Dhaulpur,0.0,37.2,24.7,30.950000000000003,7.5,0.016504758430442388,0,5.452666545065483,GREEN,21,Heat-only,excluded,Low,Routine monitoring,0.016504758430442388,0.0
2026-05-10,Alwar,0.0,36.2,24.5,30.35,7.5,0.00505399661771335,0,5.051889881619967,GREEN,22,Heat-only,excluded,Low,Routine monitoring,0.00505399661771335,0.0
2026-05-10,Ajmer,0.0,39.8,25.6,32.7,7.5,0.004268736427136938,0,5.024405774949793,GREEN,23,Heat-only,excluded,Low,Routine monitoring,0.004268736427136938,0.0
2026-05-11,Barmer,0.0,44.7,28.5,36.6,44.80957530107529,0.9359202380341056,1,61.883432276892634,RED,1,Heat-only,excluded,High,Emergency heat-health action,0.9359202380341056,1.0
2026-05-11,Jaisalmer,0.0,44.3,28.8,36.55,38.812443881720455,0.7432793166002106,0,51.24286460412567,ORANGE,2,Heat-only,excluded,Medium,Heat-health preparedness activation,0.7432793166002106,0.0
2026-05-11,Bikaner,0.0,44.2,29.0,36.6,35.15884684946241,0.7892758520128161,0,50.47790527259913,ORANGE,3,Heat-only,excluded,Medium,Heat-health preparedness activation,0.7892758520128161,0.0
2026-05-11,Hanumangarh,0.0,42.5,27.9,35.2,35.5477214623656,0.7810991890188282,0,50.44449056619663,ORANGE,4,Heat-only,excluded,Medium,Heat-health preparedness activation,0.7810991890188282,0.0
2026-05-11,Pali,0.0,42.9,28.1,35.5,36.59505762365589,0.6775680775388305,0,47.501670169235396,ORANGE,5,Heat-only,excluded,Medium,Heat-health preparedness activation,0.6775680775388305,0.0
2026-05-11,Ganganagar,0.0,42.5,28.2,35.35,32.604911129032246,0.5516387560722462,0,40.500548696399576,YELLOW,6,Heat-only,excluded,Low,Targeted surveillance + advisories,0.5516387560722462,0.0
2026-05-11,Banswara,0.0,42.7,26.4,34.55,31.54596653763443,0.5238584957283963,0,38.839925599956246,YELLOW,7,Heat-only,excluded,Low,Targeted surveillance + advisories,0.5238584957283963,0.0
2026-05-11,Sirohi,0.0,42.4,28.9,35.65,32.7663343548387,0.47520907915999433,0,37.93043510124495,YELLOW,8,Heat-only,excluded,Low,Targeted surveillance + advisories,0.47520907915999433,0.0
2026-05-11,Jodhpur,0.0,43.5,28.5,36.0,30.897724924731175,0.4967989817070052,0,37.47148556082044,YELLOW,9,Heat-only,excluded,Low,Targeted surveillance + advisories,0.4967989817070052,0.0
2026-05-11,Nagaur,0.0,42.7,28.1,35.400000000000006,27.16942590322582,0.24684772234263427,0,26.299797119088982,GREEN,10,Heat-only,excluded,Low,Routine monitoring,0.24684772234263427,0.0
2026-05-11,Churu,0.0,41.8,27.4,34.599999999999994,23.1902932688172,0.23155200289478578,0,23.178010726048683,GREEN,11,Heat-only,excluded,Low,Routine monitoring,0.23155200289478578,0.0
2026-05-11,Bhilwara,0.0,41.8,25.9,33.849999999999994,17.797475849462316,0.12434231383824104,0,15.920340286488942,GREEN,12,Heat-only,excluded,Low,Routine monitoring,0.12434231383824104,0.0
2026-05-11,Chittaurgarh,0.0,41.6,25.1,33.35,16.50228625806453,0.07411171329220768,0,13.320396032969214,GREEN,13,Heat-only,excluded,Low,Routine monitoring,0.07411171329220768,0.0
2026-05-11,Sikar,0.0,40.6,26.4,33.5,15.85040121505375,0.03631615598905386,0,11.573826249401824,GREEN,14,Heat-only,excluded,Low,Routine monitoring,0.03631615598905386,0.0
2026-05-11,Udaipur,0.0,40.0,25.8,32.9,15.023359698924722,0.021814362207833175,0,10.52868648157523,GREEN,15,Heat-only,excluded,Low,Routine monitoring,0.021814362207833175,0.0
2026-05-11,Kota,0.0,41.3,27.0,34.15,12.458676967741944,0.010151708821988351,0,8.453449837801855,GREEN,16,Heat-only,excluded,Low,Routine monitoring,0.010151708821988351,0.0
2026-05-11,Jaipur,0.0,39.4,26.5,32.95,10.745623827956983,0.011666697533334354,0,7.3929899018387415,GREEN,17,Heat-only,excluded,Low,Routine monitoring,0.011666697533334354,0.0
2026-05-11,Sawai Madhopur,0.0,39.4,26.5,32.95,10.153731688172048,0.009975313075314591,0,6.949061554947842,GREEN,18,Heat-only,excluded,Low,Routine monitoring,0.009975313075314591,0.0
2026-05-11,Jhalawar,0.0,41.2,26.8,34.0,10.319664075268815,0.006699133241513963,0,6.942251312377718,GREEN,19,Heat-only,excluded,Low,Routine monitoring,0.006699133241513963,0.0
2026-05-11,Dhaulpur,0.0,37.8,25.8,31.8,9.429058903225808,0.0095227414512922,0,6.462184237892003,GREEN,20,Heat-only,excluded,Low,Routine monitoring,0.0095227414512922,0.0
2026-05-11,Bundi,0.0,41.2,26.0,33.6,9.0,0.008192281915798873,0,6.136729867052961,GREEN,21,Heat-only,excluded,Low,Routine monitoring,0.008192281915798873,0.0
2026-05-11,Alwar,0.0,38.8,24.3,31.55,7.5,0.01559704964082781,0,5.420896737428973,GREEN,22,Heat-only,excluded,Low,Routine monitoring,0.01559704964082781,0.0
2026-05-11,Ajmer,0.0,41.0,26.4,33.7,7.5,0.008965452324081783,0,5.188790831342862,GREEN,23,Heat-only,excluded,Low,Routine monitoring,0.008965452324081783,0.0
2026-05-12,Banswara,0.0,43.4,27.4,35.4,38.7459665376344,0.7431186653717385,0,51.19403153747321,ORANGE,1,Heat-only,excluded,Medium,Heat-health preparedness activation,0.7431186653717385,0.0
2026-05-12,Barmer,0.0,44.0,28.2,36.1,39.709575301075276,0.7134472575487174,0,50.78187795990404,ORANGE,2,Heat-only,excluded,Medium,Heat-health preparedness activation,0.7134472575487174,0.0
2026-05-12,Pali,0.0,42.9,29.4,36.15,40.49505762365588,0.6260342281350508,0,48.23298544010311,YELLOW,3,Heat-only,excluded,Low,Targeted surveillance + advisories,0.6260342281350508,0.0
2026-05-12,Sirohi,0.0,42.5,29.4,35.95,34.866334354838706,0.36882190609184173,0,35.57188404385962,GREEN,4,Heat-only,excluded,Low,Routine monitoring,0.36882190609184173,0.0
2026-05-12,Bikaner,0.0,43.2,30.6,36.900000000000006,35.45884684946242,0.2905431226421342,0,33.21725974462527,GREEN,5,Heat-only,excluded,Low,Routine monitoring,0.2905431226421342,0.0
2026-05-12,Nagaur,0.0,42.8,29.8,36.3,32.86942590322579,0.3211803478147413,0,32.60643901061271,GREEN,6,Heat-only,excluded,Low,Routine monitoring,0.3211803478147413,0.0
2026-05-12,Jodhpur,0.0,43.2,30.8,37.0,35.997724924731195,0.258226501271552,0,32.4364487455796,GREEN,7,Heat-only,excluded,Low,Routine monitoring,0.258226501271552,0.0
2026-05-12,Jaisalmer,0.0,43.2,29.3,36.25,33.71244388172049,0.27206009786124236,0,31.4351919482618,GREEN,8,Heat-only,excluded,Low,Routine monitoring,0.27206009786124236,0.0
2026-05-12,Churu,0.0,42.2,28.0,35.1,28.89029326881724,0.3074864194913665,0,29.54071530692903,GREEN,9,Heat-only,excluded,Low,Routine monitoring,0.3074864194913665,0.0
2026-05-12,Sawai Madhopur,0.0,42.5,28.1,35.3,23.786455537634435,0.30219129964407987,0,26.037891587005177,GREEN,10,Heat-only,excluded,Low,Routine monitoring,0.30219129964407987,0.0
2026-05-12,Kota,0.0,42.9,28.4,35.65,26.25867696774195,0.23139052803705432,0,25.16680851032917,GREEN,11,Heat-only,excluded,Low,Routine monitoring,0.23139052803705432,0.0
2026-05-12,Hanumangarh,0.0,41.5,27.7,34.6,28.947721462365607,0.17580804065673455,0,24.969300373523353,GREEN,12,Heat-only,excluded,Low,Routine monitoring,0.17580804065673455,0.0
2026-05-12,Jhalawar,0.0,42.9,27.8,35.35,25.01966407526879,0.2129534333894363,0,23.716151817554984,GREEN,13,Heat-only,excluded,Low,Routine monitoring,0.2129534333894363,0.0
2026-05-12,Sikar,0.0,41.3,27.7,34.5,25.450401215053727,0.14287447894359406,0,21.543367552810718,GREEN,14,Heat-only,excluded,Low,Routine monitoring,0.14287447894359406,0.0
2026-05-12,Chittaurgarh,0.0,42.3,25.1,33.7,22.202286258064504,0.190179791784951,0,21.08777878021521,GREEN,15,Heat-only,excluded,Low,Routine monitoring,0.190179791784951,0.0
2026-05-12,Bhilwara,0.0,42.3,28.5,35.4,26.072341010752645,0.10243255964843626,0,20.532161244684488,GREEN,16,Heat-only,excluded,Low,Routine monitoring,0.10243255964843626,0.0
2026-05-12,Bundi,0.0,42.9,27.0,34.95,21.639821709677403,0.14248132709181238,0,19.052730559503747,GREEN,17,Heat-only,excluded,Low,Routine monitoring,0.14248132709181238,0.0
2026-05-12,Alwar,0.0,41.5,25.3,33.4,19.60667903225807,0.17620946366908433,0,18.9116725993857,GREEN,18,Heat-only,excluded,Low,Routine monitoring,0.17620946366908433,0.0
2026-05-12,Ganganagar,0.0,41.0,28.3,34.65,25.404911129032254,0.04883271259624932,0,18.222337174739693,GREEN,19,Heat-only,excluded,Low,Routine monitoring,0.04883271259624932,0.0
2026-05-12,Jaipur,0.0,41.5,27.8,34.65,20.779506107526903,0.09923772653128868,0,16.979999398487593,GREEN,20,Heat-only,excluded,Low,Routine monitoring,0.09923772653128868,0.0
2026-05-12,Dhaulpur,0.0,41.6,27.4,34.5,17.658723182795693,0.11300626108987165,0,15.433389206962708,GREEN,21,Heat-only,excluded,Low,Routine monitoring,0.11300626108987165,0.0
2026-05-12,Udaipur,0.0,40.1,26.5,33.3,17.723359698924728,0.01635899990493007,0,12.092748800973625,GREEN,22,Heat-only,excluded,Low,Routine monitoring,0.01635899990493007,0.0
2026-05-12,Ajmer,0.0,40.5,29.2,34.85,15.988630505376339,0.0073928600450491105,0,10.65135993007134,GREEN,23,Heat-only,excluded,Low,Routine monitoring,0.0073928600450491105,0.0
2026-05-13,Pali,0.0,43.3,29.4,36.35,42.89505762365587,0.8704673385251319,1,58.34814430375593,RED,1,Heat-only,excluded,High,Emergency heat-health action,0.8704673385251319,1.0
2026-05-13,Banswara,0.0,43.1,27.8,35.45,38.14596653763443,0.6662071961737567,0,48.11213011554386,ORANGE,2,Heat-only,excluded,Medium,Heat-health preparedness activation,0.6662071961737567,0.0
2026-05-13,Jaisalmer,0.0,43.7,29.9,36.8,38.51244388172048,0.6500100722891937,0,47.7834410532401,ORANGE,3,Heat-only,excluded,Medium,Heat-health preparedness activation,0.6500100722891937,0.0
2026-05-13,Jodhpur,0.0,43.5,30.4,36.95,36.59772492473117,0.637208411804516,0,46.09081561423332,YELLOW,4,Heat-only,excluded,Low,Targeted surveillance + advisories,0.637208411804516,0.0
2026-05-13,Bikaner,0.0,43.8,29.0,36.4,34.25884684946237,0.6221053972200963,0,44.04193935485391,YELLOW,5,Heat-only,excluded,Low,Targeted surveillance + advisories,0.6221053972200963,0.0
2026-05-13,Sirohi,0.0,42.7,29.8,36.25,37.26633435483873,0.5360835535936097,0,42.98604170642152,YELLOW,6,Heat-only,excluded,Low,Targeted surveillance + advisories,0.5360835535936097,0.0
2026-05-13,Barmer,0.0,43.2,28.6,35.900000000000006,36.109575301075296,0.3839804631901333,0,36.91054015735361,GREEN,7,Heat-only,excluded,Low,Routine monitoring,0.3839804631901333,0.0
2026-05-13,Jhalawar,0.0,43.5,27.4,35.45,27.41966407526879,0.3262935898370923,0,29.243057293222947,GREEN,8,Heat-only,excluded,Low,Routine monitoring,0.3262935898370923,0.0
2026-05-13,Nagaur,0.0,42.8,27.5,35.15,25.969425903225783,0.2380418845066757,0,25.21159279483041,GREEN,9,Heat-only,excluded,Low,Routine monitoring,0.2380418845066757,0.0
2026-05-13,Kota,0.0,43.0,28.0,35.5,25.65867696774196,0.1776365184622828,0,22.89541817521217,GREEN,10,Heat-only,excluded,Low,Routine monitoring,0.1776365184622828,0.0
2026-05-13,Sikar,0.0,41.5,26.2,33.85,22.150401215053744,0.11364790519834576,0,18.375437471727036,GREEN,11,Heat-only,excluded,Low,Routine monitoring,0.11364790519834576,0.0
2026-05-13,Bhilwara,0.0,41.8,28.8,35.3,23.972341010752647,0.0752194463581396,0,18.214702279524108,GREEN,12,Heat-only,excluded,Low,Routine monitoring,0.0752194463581396,0.0
2026-05-13,Udaipur,0.0,40.5,27.8,34.15,24.023359698924722,0.0644152508989386,0,17.869717585763922,GREEN,13,Heat-only,excluded,Low,Routine monitoring,0.0644152508989386,0.0
2026-05-13,Chittaurgarh,0.0,41.9,27.1,34.5,22.31171996774193,0.039908869442854523,0,15.899428409532163,GREEN,14,Heat-only,excluded,Low,Routine monitoring,0.039908869442854523,0.0
2026-05-13,Bundi,0.0,42.7,25.7,34.2,19.253279311827967,0.08735504241125053,0,15.572058037081948,GREEN,15,Heat-only,excluded,Low,Routine monitoring,0.08735504241125053,0.0
2026-05-13,Sawai Madhopur,0.0,42.4,25.3,33.85,17.232723849462374,0.09434020838190851,0,14.503177795517342,GREEN,16,Heat-only,excluded,Low,Routine monitoring,0.09434020838190851,0.0
2026-05-13,Churu,0.0,41.6,25.9,33.75,18.990293268817226,0.04266161049017065,0,13.83684699188717,GREEN,17,Heat-only,excluded,Low,Routine monitoring,0.04266161049017065,0.0
2026-05-13,Jaipur,0.0,41.8,26.2,34.0,17.77950610752688,0.06391898757260008,0,13.793843534933476,GREEN,18,Heat-only,excluded,Low,Routine monitoring,0.06391898757260008,0.0
2026-05-13,Hanumangarh,0.0,40.0,26.1,33.05,16.19014023655915,0.007228019126135355,0,10.776571823178186,GREEN,19,Heat-only,excluded,Low,Routine monitoring,0.007228019126135355,0.0
2026-05-13,Ajmer,0.0,41.5,27.8,34.65,14.199174591397831,0.03655881956859182,0,10.509022169309304,GREEN,20,Heat-only,excluded,Low,Routine monitoring,0.03655881956859182,0.0
2026-05-13,Ganganagar,0.0,40.1,26.3,33.2,15.456967924731185,0.008926987670001826,0,10.359473719525333,GREEN,21,Heat-only,excluded,Low,Routine monitoring,0.008926987670001826,0.0
2026-05-13,Dhaulpur,0.0,40.8,25.2,33.0,10.5,0.013332090303825015,0,7.2916231606338755,GREEN,22,Heat-only,excluded,Low,Routine monitoring,0.013332090303825015,0.0
2026-05-13,Alwar,0.1,37.8,23.4,30.6,7.5,0.002233683925489222,0,4.9531789373921224,GREEN,23,Heat-only,excluded,Low,Routine monitoring,0.002233683925489222,0.0
