date,district,rain_mm,tmax_c,tmin_c,tavg_c,heat_stress_score,pred_prob_critical_t1,pred_critical_t1,risk_score_next_day,alert_level_next_day,rank_within_date,pipeline_mode,aqi_status,confidence_tag,recommended_action,pred_prob_heatwave_t1,pred_heatwave_t1,sunrise,sunset,sunrise_local,sunset_local
2026-09-29,Pali,0.0,34.4,24.7,29.55,29.536023055555564,0.5120837081069078,0,37.12134476985289,YELLOW,1,Heat-only,excluded,Low,Targeted surveillance + advisories,0.5120837081069078,0.0,2026-09-29T06:27,2026-09-29T18:25,06:27 AM,06:25 PM
2026-09-29,Udaipur,0.0,30.6,19.2,24.9,10.5,0.206118125101333,0,14.039134378546656,GREEN,2,Heat-only,excluded,Low,Routine monitoring,0.206118125101333,0.0,2026-09-29T06:26,2026-09-29T18:24,06:26 AM,06:24 PM
2026-09-29,Sirohi,0.0,33.2,23.0,28.1,12.545373888888932,0.0478521050976878,0,9.82931670619688,GREEN,3,Heat-only,excluded,Low,Routine monitoring,0.0478521050976878,0.0,2026-09-29T06:29,2026-09-29T18:27,06:29 AM,06:27 PM
2026-09-29,Jodhpur,0.0,34.7,25.1,29.9,12.39292826666668,0.030394469246255214,0,9.119209796952273,GREEN,4,Heat-only,excluded,Low,Routine monitoring,0.030394469246255214,0.0,2026-09-29T06:29,2026-09-29T18:26,06:29 AM,06:26 PM
2026-09-29,Bhilwara,0.0,33.1,22.5,27.8,11.55731997777778,0.02939597063630246,0,8.541116957826143,GREEN,5,Heat-only,excluded,Low,Routine monitoring,0.02939597063630246,0.0,2026-09-29T06:22,2026-09-29T18:20,06:22 AM,06:20 PM
2026-09-29,Chittaurgarh,0.0,32.2,21.1,26.65,10.026328422222235,0.04651331104952704,0,8.145079361177899,GREEN,6,Heat-only,excluded,Low,Routine monitoring,0.04651331104952704,0.0,2026-09-29T06:22,2026-09-29T18:20,06:22 AM,06:20 PM
2026-09-29,Jaisalmer,0.0,34.1,24.6,29.35,10.760847677777782,0.012129290599201363,0,7.419076161527606,GREEN,7,Heat-only,excluded,Low,Routine monitoring,0.012129290599201363,0.0,2026-09-29T06:37,2026-09-29T18:35,06:37 AM,06:35 PM
2026-09-29,Barmer,0.0,33.2,24.0,28.6,10.706550133333327,0.010274181221065213,0,7.318853929403946,GREEN,8,Heat-only,excluded,Low,Routine monitoring,0.010274181221065213,0.0,2026-09-29T06:35,2026-09-29T18:33,06:35 AM,06:33 PM
2026-09-29,Hanumangarh,0.0,32.7,22.7,27.700000000000003,9.0,0.029911421099863483,0,6.896899738495223,GREEN,9,Heat-only,excluded,Low,Routine monitoring,0.029911421099863483,0.0,2026-09-29T06:24,2026-09-29T18:20,06:24 AM,06:20 PM
2026-09-29,Churu,0.0,33.8,22.1,27.95,9.0,0.02691003635784744,0,6.791851272524661,GREEN,10,Heat-only,excluded,Low,Routine monitoring,0.02691003635784744,0.0,2026-09-29T06:21,2026-09-29T18:18,06:21 AM,06:18 PM
